,v_cpi_sub,v_cpi_nosub,cpi,cpi_star,i_endo,s_endo,s,s_1,itcer,I_a,I_p,I_star,emision_n,m1_n,m2_n,credito_n,ingtrib_n,de_us,di_n,lincred_n,prem_endo,prem
.name,Inflación Subyacente Óptima MSE,Inflación no Subyacente,IPC de Guatemala,Inflación Subyacente PCE de los Estados Unidos de América,Tasa de Interés Líder de Política Monetaria,Tipo de Cambio Nominal Endógeno,Tipo de Cambio Nominal,Tipo de Cambio Nominal Adelantado 3 Periodos,Índice del Tipo de Cambio Efectivo Real Bilateral con Estados Unidos de América,Tasa de Interés Activa Promedio Ponderado,Tasa de Interés Pasiva Promedio Ponderado,Tasa de Interés Efectiva de Fondos Federales,Emisión Monetaria Nominal,Medio Circulante,Medios de Pago Totales,Crédito Total al Sector Privado,Ingresos Tributarios,Saldo de la Deuda Pública Externa,Deuda Pública Interna Bonificada,Líneas de Créditos del Extranjero,Prima por riesgo país endógena,Prima por riesgo país
.units,Pocentaje,Pocentaje,Índice,Índice,Porcentaje,Quetzales por Dólar,Quetzales por Dólar,Quetzales por Dólar,Índice,Porcentaje,Porcentaje,Porcentaje (ultimo observado),Millones de Quetzales,Millones de Quetzales,Millones de Quetzales,Millones de Quetzales,Millones de Quetzales,Millones de Quetzales,Millones de Quetzales,Millones de US Dólares,Porcentaje,Porcentaje
.hist_source,Departamento de Investigaciones Económicas,Departamento de Investigaciones Económicas,INE,https://fred.stlouisfed.org/series/PCEPILFE,https://www.banguat.gob.gt/,https://www.banguat.gob.gt/tipo_cambio/TipoCambio/HistoricoRango,https://www.banguat.gob.gt/tipo_cambio/TipoCambio/HistoricoRango,https://www.banguat.gob.gt/tipo_cambio/TipoCambio/HistoricoRango,Departamento de Análisis Macroeconómico y Pronóstico,https://www.banguat.gob.gt/page/activa,https://www.banguat.gob.gt/page/pasiva,https://fred.stlouisfed.org/series/DFF#0,https://www.banguat.gob.gt/page/emision-monetaria,https://www.banguat.gob.gt/page/medio-circulante,https://www.banguat.gob.gt/page/total-4,https://www.banguat.gob.gt/page/total-2,https://www.banguat.gob.gt/es/page/tributarios,https://www.banguat.gob.gt/es/page/total-0,https://www.banguat.gob.gt/es/page/mensual-2,Archivo compartido por el DAMP,Departamento de Investigaciones Económicas,Departamento de Investigaciones Económicas
.hist_last_update,2024M03,2024M03,2024M03,2024M03,2024M03,2024M03,2024M03,2024M03,2024M03,2024M03,2024M03,2024M03,2024M03,2024M03,2024M03,2024M03,2024M03,2024M03,2024M03,2024M02,2024M02,2024M03
.anch_source,Departamento de Investigaciones Económicas,,,https://www.federalreserve.gov/monetarypolicy/fomccalendars.htm,,,,,,,,https://www.federalreserve.gov/monetarypolicy/fomccalendars.htm,,,,,,,,,,
.anch_last_update,,,,2026M12,,,,,,,,2026M12,,,,,,,,,,
.end_hist,2024M02,2024M02,2024M02,2024M01,2024M02,2024M02,2024M02,2024M02,2024M01,2024M02,2024M02,2024M02,2024M02,2024M02,2024M02,2024M02,2024M01,2024M01,2024M01,2023M12,2023M12,2024M02
Comment,,,,,,,,,,,,,,,,,,,,,,
1995M01,,,19.53108238,68.475,13.17,5.74,5.74,5.73,63.07302786,20.1,,5.86,3912.6,7379.9,17301.1,9836,434.5,2147.5,4400.4,,,
1995M02,,,19.46576103,68.587,19.54,5.72,5.72,5.74,62.83127445,20.3,,6.1,3981.9,7268.6,17216.4,10090.8,447.3,2142.3,4551,,,
1995M03,,,19.5607739,68.755,9.96,5.69,5.69,5.76,63.17597254,20.4,,6.3,4000.8,7431.3,17708.3,10411.7,495.7,2211.5,4686.5,,,
1995M04,,,19.7092315,68.915,28.12,5.73,5.73,5.77,63.04109523,20.6,,6.06,3955.2,7289.8,17235.9,10610.7,509.6,2220,4697.6,,,
1995M05,,,20.00020841,69.032,15.23,5.74,5.74,5.81,63.78483165,21.3,,6.17,3805,7108.3,17245.3,10836.3,816.5,2210.8,4527,,,
1995M06,,,20.25258633,69.092,19.9,5.76,5.76,5.89,64.25779296,21.1,,6.11,3791.4,7228.1,17696.5,11034.7,455.5,2235.4,4377.7,,,
1995M07,,,20.29712361,69.201,13.01,5.77,5.77,5.96,64.25886432,21.4,,5.97,3873.3,7293.4,18004.1,11149.9,534.6,2203.3,4631.7,,,
1995M08,,,20.41885885,69.367,7.55,5.81,5.81,6,64.01543647,21.4,,5.93,3762.7,7335.2,18232.9,11309.4,537.8,2141.9,4826.9,,,
1995M09,,,20.53465578,69.458,22.74,5.89,5.89,5.93,63.38970075,21.4,,6.2,3752.2,7308.1,18638.6,11500.2,410.3,2154.4,4899.7,,,
1995M10,,,20.82266353,69.627,30.69,5.96,5.96,6.1,63.34054453,21.7,,5.97,3841.6,7341.6,18467.8,11868.1,593.5,2141.6,4610.2,,,
1995M11,,,21.09582552,69.672,26.39,6,6,6.17,63.75840406,21.9,,6.11,3952,7316.5,18238.5,12176.9,719.7,2129.4,4520.7,,,
1995M12,,,21.19974585,69.77,24.46,5.93,5.93,6.18,64.8043499,22.2,,4.73,4459,8065.4,19591.3,12479.4,533.7,2107.1,4486.5,,,
1996M01,,,21.43727801,69.849,22.59,6.1,6.1,6.14,63.37222363,22.2,10.3,5.71,4139.8,7900.5,19507.2,12671.3,590,2141.4,4254,,,
1996M02,,,21.57385901,69.94,23.23,6.17,6.17,6.09,62.8964069,22.6,10.8,6.05,4171.5,7867.4,19790.8,12783.8,541.8,2137.5,4158.3,,,
1996M03,,,21.80545287,70.102,20.3,6.18,6.18,6.13,63.0809729,22.4,11,5.25,4227,7715.7,20032.9,12957.6,422.4,2122.8,4396.2,,,
1996M04,,,22.0637691,70.197,19.68,6.14,6.14,6.1,64.0691674,22.7,11.1,5.5,4112.6,7671.5,19799.5,13100.6,785.1,2136.1,4701.2,,,
1996M05,,,22.20331925,70.319,23.25,6.09,6.09,6.07,64.85754801,22.9,11.1,5.31,3995.5,7489.6,19845.9,13202.9,763.6,2122.3,4602.3,,,
1996M06,,,22.34583855,70.373,18.18,6.13,6.13,6.05,64.78733873,23,11.9,5,3989,7470.6,19654.6,13242.5,649.2,2115.5,4839.1,,,
1996M07,,,22.65166121,70.505,19.9,6.1,6.1,6.06,65.90777324,22.9,11.4,6.75,4054.6,7737.5,19831.7,13398.4,813.3,2094.5,5222.4,,,
1996M08,,,22.87434762,70.566,14.39,6.07,6.07,6.01,66.66005261,22.8,11.6,5.28,3923.9,7612.9,19860.3,13373.4,625.9,2090.5,5651.4,,,
1996M09,,,22.95154557,70.78,16.77,6.05,6.05,6,66.95403489,22.7,11.6,6.09,3871,7434.5,20044.8,13505.5,583.6,2079.1,5652.1,,,
1996M10,,,23.03765098,70.948,8.04,6.06,6.06,6.06,66.90701007,22.7,11.4,5.63,4007.8,7688.2,20303.3,13576.7,758.4,2078.4,5580.4,,,
1996M11,,,23.29893637,71.041,19.84,6.01,6.01,6.1,68.02040656,22.6,11.2,5.44,4106.6,7883.1,20116.1,13678.5,774.6,2075.8,5584.1,,,
1996M12,,,23.50083871,71.068,7.61,6,6,6,68.75584643,22.4,11,6.26,4819.8,9099,22028.6,14007.2,644.3,2074.9,5093,,,
1997M01,,,23.75321663,71.144,2.09,6.06,6.06,6,68.60716288,21.98,10.25,5.37,4549.4,9051.3,22272.3,14056.8,753.5,2020.2,5398.1,,,
1997M02,,,24.30547892,71.29,2.48,6.1,6.1,5.98,69.55535847,21.21,9.86,5.5,4631.8,9597.7,23256.3,14353.7,621.1,2006.1,5700.8,,,
1997M03,,,24.31438638,71.46,6.19,6,6,5.93,70.48457343,20.81,8.92,7.07,4853.4,9597.3,23190.7,14284.3,672.2,1998.9,5664.6,,,
1997M04,,,24.29954062,71.6,3.24,6,6,5.96,70.35722815,19.97,7.84,5.82,4541.7,9475.5,23259,14398,882.9,1997.7,6186.4,,,
1997M05,,,24.33813959,71.652,8.04,5.98,5.98,6.08,70.76501822,19.35,7.77,5.58,4449.7,9129.4,22997.4,14378.7,941.2,2015,6151.2,,,
1997M06,,,24.3500162,71.758,8.34,5.93,5.93,6.11,71.34486894,18.96,7.75,6.87,4497.8,9291.1,23416.1,14486.6,789.9,2011.5,5924.6,,,
1997M07,,,24.45987483,71.807,1.67,5.96,5.96,6.15,71.19319945,18.59,7.23,5.96,4519.5,9841.3,24628.1,14763.9,880.4,1953.9,5771.3,,,
1997M08,,,24.71522191,71.778,1.81,6.08,6.08,6.22,70.41051817,17.4,6.76,5.52,4436.7,9854.5,24800,15039.8,530.5,2103,5947.4,,,
1997M09,,,24.86367951,71.927,10.61,6.11,6.11,6.19,70.27813336,16.78,6.42,5.81,4394,10015.3,24912.5,15283.8,599.4,2108.6,6061.7,,,
1997M10,,,24.99135305,72.036,2.41,6.15,6.15,6.26,69.97059906,16.52,6.38,5.56,4555.9,10722.6,25544.3,15648.3,713.3,2113.6,5781.2,,,
1997M11,,,25.08339677,72.058,6.02,6.22,6.22,6.22,69.54265555,16.37,6.27,5.5,4789.5,11151.6,26117.4,16230.6,755.4,2108.8,5459.8,,,
1997M12,,,25.17544048,72.1,18.17,6.19,6.19,6.27,70.20350254,16.4,6.35,5.84,5476.1,11948.2,27564.1,16604.1,1300.2,2135.1,5865.2,,,
1998M01,,,25.4842323,72.21,3.48,6.26,6.26,6.29,70.17278412,16.16,6.11,5.48,5232.6,12266.9,28018.9,16788.9,729.5,2121.4,7087.8,,,
1998M02,,,25.62972075,72.272,27.37,6.22,6.22,6.28,70.90991938,16.2,6.31,5.57,5308.6,11741.1,27443.7,17193.7,753.2,2145.6,6638.2,,,
1998M03,,,25.79896242,72.349,4.36,6.27,6.27,6.31,70.60165198,16.37,6.22,5.88,5306.3,12179.7,28426,17364.1,800.6,2144.7,7089.1,,,
1998M04,,,25.986019,72.482,4.74,6.29,6.29,6.35,70.7731114,16.14,6.05,5.59,5339.4,12441.6,28770.7,17746.2,1099.3,2195.1,7036.5,,,
1998M05,,,26.11963084,72.552,12.86,6.28,6.28,6.4,71.13083524,16.21,6.16,5.63,5262.3,12158.5,28236.3,18215.7,1018,2196.1,6840.5,,,
1998M06,,,26.15822982,72.461,6,6.31,6.31,6.49,70.80472295,16.24,6.16,7.06,5252.3,12379.4,28757,18343.8,766.5,2218.2,6759.9,,,
1998M07,,,26.23839692,72.665,13.74,6.35,6.35,6.57,70.53070721,16.14,6.15,5.63,5383.3,12017,28519.7,18786.1,1117.9,2210.7,6479.5,,,
1998M08,,,26.27402675,72.807,13.01,6.4,6.4,6.57,69.92774951,16.06,6.19,5.89,5313.5,12469.3,29253.3,19207.2,802,2224.1,6212.4,,,
1998M09,,,26.22948947,72.795,28.59,6.49,6.49,6.73,68.80238626,16.53,6.4,6.14,5189.3,11830.7,28398.2,19844.7,736.4,2259.3,6447,,,
1998M10,,,26.23245862,72.937,21.48,6.57,6.57,6.98,67.80618233,16.93,6.79,5.35,5363.3,12015.8,28581,20594.1,1053.8,2304.3,6175.7,,,
1998M11,,,26.92724021,72.95,34.67,6.57,6.57,6.88,69.63609588,17.55,7.32,5.11,5511.7,11944,28638.6,21062.6,1060.4,2309,6340,,,
1998M12,,,27.0578829,73.076,12.79,6.73,6.73,6.98,68.32521354,17.91,7.16,4.07,6307,13565.6,30999.7,21144.4,815.5,2367.9,6259.7,,,
1999M01,,,27.08757442,73.18,16.83,6.98,6.98,7.07,65.78142674,17.81,7.87,4.79,5946.3,12713.6,29693.2,21420.3,1059.5,2350.2,6207.8,,,
1999M02,,,26.95396258,73.155,37.33,6.88,6.88,7.27,66.31162653,18.71,8.48,4.84,6079.7,12707.8,29722.4,21437.6,978.1,2381.1,6162.8,,,
1999M03,,,26.82925819,73.177,18.81,6.98,6.98,7.36,64.90412872,18.9,8.55,4.98,6580.4,13681.5,31052.6,21845.3,925.3,2392.7,5932.3,,,
1999M04,,,26.88864123,73.365,7.16,7.07,7.07,7.39,63.69410799,18.86,8.51,5.03,6342.2,13611.9,31271.5,22218.4,1249.4,2405.4,6282,,,
1999M05,,,27.09351272,73.435,9.51,7.27,7.27,7.66,62.43286481,19.02,8.57,4.61,6310.2,13760.3,31485.2,22386.2,1135.1,2419.6,6671.9,,,
1999M06,,,27.26275439,73.474,18.03,7.36,7.36,7.78,62.07647342,18.93,8.7,5.12,6295.4,13488.1,31443.3,22572.7,785.8,2444.4,6596.2,,,
1999M07,,,27.60717603,73.606,16.42,7.39,7.39,7.81,62.40919353,19.31,8.97,5.07,6457.6,13672,32129.1,22701.6,1205.7,2499.8,7579.3,,,
1999M08,,,27.85955396,73.642,19.51,7.66,7.66,7.77,60.52236298,19.49,9.23,5.57,6365.9,13055.2,31402.2,23153.6,1087,2548.6,7215.9,,,
1999M09,,,28.01098072,73.837,40.68,7.78,7.78,7.67,59.69150539,20.33,10.37,5.51,6321.6,13078,31328.2,23198.4,832,2568.8,7524.6,,,
1999M10,,,28.21882136,73.963,30.17,7.81,7.81,7.88,59.8541285,20.5,10.75,5.27,6571.1,13160,31038.9,23326.6,1053.7,2589.2,7508.5,,,
1999M11,,,28.31383423,74.034,37.68,7.77,7.77,7.79,60.32573314,20.52,10.62,5.63,6857.7,13688.1,31363.7,23746.6,1326.5,2601.2,7658.7,,,
1999M12,,,28.38806303,74.128,28.36,7.67,7.67,7.72,61.2079887,20.62,11.28,3.99,8428.6,15497.2,33456.2,24099.9,974,2631.3,7807.1,,,
2000M01,,,28.51573657,74.306,26.53,7.88,7.88,7.71,59.67646062,21.23,11.51,5.87,7614,14925.2,33006.3,24327.7,1262.4,2599.2,7884.6,,,
2000M02,,,28.73842298,74.415,22.66,7.79,7.79,7.7,60.49464897,21.39,11.65,5.85,7385.7,14525.5,32632.2,24465.8,856,2584.8,7917.8,,,
2000M03,,,29.05018394,74.568,17.32,7.72,7.72,7.73,61.18335155,21.28,11.58,6.17,7364.9,15623,33479.3,24187.9,968.9,2600.6,7890.9,,,
2000M04,,,29.32631509,74.617,14.32,7.71,7.71,7.75,61.80938772,21.44,11.66,6.06,7352.6,15760.5,34539.6,24129.1,911.8,2571.8,7696,,,
2000M05,,,29.08878292,74.697,12.75,7.7,7.7,7.75,61.32904264,21.46,11.61,6.83,7003.3,15636.9,34678.3,24028,1715.3,2582.3,7446.9,,,
2000M06,,,29.23427137,74.754,12.17,7.73,7.73,7.8,61.07918166,20.92,11.45,6.86,7052,16207.1,35678.6,24038,927.7,2594.7,7578.9,,,
2000M07,,,29.30256187,74.925,10.13,7.75,7.75,7.82,60.92943714,21.21,11.36,6.64,7205.7,16720.7,36711.7,24241.1,1516.2,2572.1,7902.9,,,
2000M08,,,29.17191918,75.021,9.63,7.75,7.75,7.77,60.6752746,20.43,11.15,6.65,6957.9,16929.2,37705.5,24913.2,995.9,2587,8140.8,,,
2000M09,,,29.21348731,75.203,8.95,7.8,7.8,7.73,60.04172969,20.53,11.09,6.6,6975,16899.1,37599.1,25151.9,915.6,2594.2,8185.6,,,
2000M10,,,29.30256187,75.308,10.3,7.82,7.82,7.8,59.98170784,20.47,11.23,6.59,7169.1,16668.5,37018.4,25687.8,1685.3,2571.1,8483.1,,,
2000M11,,,29.49555676,75.441,15.79,7.77,7.77,7.74,60.72075794,20.23,11.04,6.62,7324.2,17151.6,37325.4,26076.5,1202.3,2571.3,8514.8,,,
2000M12,,,29.83107094,75.515,7.81,7.73,7.73,7.7,61.76188599,20.05,10.98,5.41,8214.2,18651.8,39497.4,26439.9,1156.4,2643.7,8629.6,,,
2001M01,,,30.23975661,75.796,5.72,7.8,7.8,7.75,61.64045966,19.92,10.82,5.74,7598.5,18260.3,39442.2,26568.1,1333,2636,10003.8,,,
2001M02,,,30.46050654,75.93,6.24,7.74,7.74,7.77,62.36580096,19.88,10.82,5.59,7618.6,17748.7,38969.4,26591.3,960.1,2637.2,10742.9,,,
2001M03,,,30.62457743,76.009,5.4,7.7,7.7,7.8,62.86092774,19.58,10.58,5.29,7800.3,18579.4,39611.4,26914.1,985.3,2621.6,10594,,,
2001M04,,,30.75583414,76.13,4.42,7.75,7.75,7.8,62.48984477,19.42,10.44,4.67,7803.8,17813,39556.1,26924.8,1645.9,2616.9,10767.7,,,
2001M05,,,30.84831046,76.148,5.05,7.77,7.77,7.85,62.22169007,19.23,10.12,4.24,7730.2,17826.8,40972.7,27193.7,1465.2,2619.7,10612,,,
2001M06,,,31.0750266,76.318,4.98,7.8,7.8,7.95,62.34014926,19.03,9.81,3.95,7787.6,17627,42338.5,27476.2,939.4,2618.9,10442.7,,,
2001M07,,,31.34648934,76.515,4.83,7.8,7.8,8.11,63.05718257,19.21,9.44,3.82,7987.8,18358.3,42831,27487.4,1707.5,2628.5,10956.5,,,
2001M08,,,31.73727637,76.553,4.83,7.85,7.85,8.08,63.43013027,18.88,9.06,3.66,7862.7,17607.8,43209.1,27633.2,1168.1,2634.3,10798.3,,,
2001M09,,,31.83870202,76.118,4.63,7.95,7.95,7.96,62.52174617,18.65,8.97,2.75,7893.8,18652.3,44080.8,28085.1,1231.8,2655.9,10749.2,,,
2001M10,,,32.07735058,76.654,4.47,8.11,8.11,8.02,62.01183388,18.34,8.84,2.66,8248.3,18508.5,44249.7,28981.5,2098.1,2588.6,10729.6,,,
2001M11,,,32.30108361,76.81,4.93,8.08,8.08,7.94,62.72748445,18.11,8.58,2.06,8500.1,18939.1,45054.6,29373.7,1324.5,2907.9,10520,,,
2001M12,10.101116,-1.191116,32.48901936,76.828,4.52,7.96,7.96,7.91,64.329756,17.9,8.46,1.52,9475.9,20112.6,47228.2,30281.9,1068.9,2925,9281.5,,,
2002M01,10.541403,-1.692631174,32.91560368,76.871,4.53,8.02,8.02,7.82,64.56132062,17.71,8.4,1.85,8783.1,19571.4,47049.6,30120.3,1834,2924.6,8580.9,,,
2002M02,10.707151,-1.697259706,33.20496506,77.018,4.23,7.94,7.94,7.87,65.50519557,17.5,8.19,1.83,8813.8,19924.9,47399.9,30450.5,1080.9,2920.3,7923,,,
2002M03,10.6819515,-1.554735447,33.41974878,77.11,5.25,7.91,7.91,7.9,65.78904186,17.22,8.01,1.74,9340.7,20545.7,48213,30540.3,1087.3,2924.7,8102.6,,,
2002M04,10.705101,-1.451948721,33.60171831,77.325,4.56,7.82,7.82,7.86,66.50956781,17.21,7.86,1.82,8928.6,20092.7,48095.8,30541.1,2072.4,2928.7,8129.6,,,
2002M05,10.665476,-1.353030395,33.72104259,77.411,4.31,7.87,7.87,7.77,66.38545225,17.11,7.75,1.79,8715.3,19846.1,47637.1,30671.4,1793.4,2928.2,8296.9,,,
2002M06,10.454106,-1.315198445,33.91494455,77.534,4.39,7.9,7.9,7.78,66.45154239,16.88,7.63,1.73,8739.5,20248.1,48227.8,31357.9,1191.9,2939.7,8300.3,,,
2002M07,10.23513,-1.137299775,34.19833973,77.692,4.11,7.86,7.86,7.73,67.31142998,16.75,7.48,1.76,9145.5,20426.2,49036.9,31375.3,2150.6,2949.1,8159.4,,,
2002M08,9.290218,-1.563927935,34.18939041,77.845,4.91,7.77,7.77,7.61,67.79352692,16.55,7.31,1.81,8752.6,19977.5,48812.4,31501.9,1339.8,2944.5,8150.2,,,
2002M09,8.896196,-1.794162832,34.09989719,77.972,4.45,7.78,7.78,7.65,67.41751372,16.49,7.2,1.85,8699.4,19819.5,48757.2,31450.3,1279.7,3067.9,8240.4,,,
2002M10,8.381212,-1.778403481,34.19535662,78.038,4.47,7.73,7.73,7.8,67.96739485,16.41,7.13,1.82,8917.1,19916.6,49028.5,31653.1,2441.3,3047.7,8083.4,,,
2002M11,8.081472,-1.736810013,34.35047819,78.114,5.4,7.61,7.61,7.83,69.3064825,16.34,7.08,1.23,8928.2,20379.5,49299.2,31945.4,1538.8,3047.7,8120,,,
2002M12,7.7809453,-1.454620812,34.54438015,78.187,2.22,7.65,7.65,7.91,69.49713694,16.2,6.91,1.16,9999.6,21624.5,51474,32531.2,1484.6,3119.1,8168.5,,,
2003M01,7.0501804,-0.851159193,34.95604893,78.24,1.03,7.8,7.8,7.91,68.69690252,16.01,6.31,1.33,9410.4,22211.5,52007.5,32436.2,2128.1,3147.8,8527.3,686.4755035,,
2003M02,6.65046,-0.649202251,35.1976806,78.348,4.13,7.83,7.83,7.9,68.39260262,15.84,6.12,1.33,9424.3,21887.5,51738.6,32379.6,1111.5,3137.5,8505.6,679.8298264,,
2003M03,6.424856,-0.649617225,35.34981907,78.474,1.41,7.91,7.91,7.92,67.59683836,15.61,5.84,1.38,9478.2,21939,52029.5,32806.8,1291.4,3135.2,8627.7,681.1940881,,
2003M04,6.370449,-0.697508659,35.50792374,78.561,0.87,7.91,7.91,7.92,68.02944664,15.49,5.58,1.31,9661,22044.6,52423.2,33038,2089,3138.8,9301.6,661.9367378,,
2003M05,6.418395,-0.853993018,35.59741695,78.674,0.82,7.9,7.9,7.92,68.35260134,15.12,5.32,1.28,9498.7,21757.1,53009.8,33504.2,1741.1,3150.9,9236.7,662.0362976,,
2003M06,6.3726187,-1.130293078,35.69287638,78.718,1.1,7.92,7.92,7.98,68.31691065,15.1,5.22,1.45,9768.4,22259,53924.6,33498.6,1311.4,3140.7,10875.1,626.3858351,,
2003M07,6.2905073,-1.641170245,35.78833581,78.915,1.48,7.92,7.92,8.1,68.43642767,14.72,4.99,1.04,10146.3,23014.2,54722.3,33504.7,2298.3,3145.2,10962.1,627.8643403,,
2003M08,6.176293,-1.211630231,35.88677834,79.004,1.4,7.92,7.92,8.08,68.3395496,14.64,4.86,1.01,10117.7,23237.4,54979.5,33841.3,1425,3456.8,10915.9,693.1359199,,
2003M09,6.1731577,-0.495614178,36.0359337,79.114,1.45,7.98,7.98,8.03,67.85991336,14.47,4.75,1.17,10047.9,23230.3,55276.2,34228.9,1369.4,3460.8,11344.8,687.9899003,,
2003M10,6.103289,-0.267120458,36.19105527,79.26,1.71,8.1,8.1,8.11,67.28645238,14.39,4.65,1.03,10682.1,24185.3,56261.6,34753.5,2465.2,3445.1,11254.5,705.2834387,,
2003M11,5.9742928,-0.138426539,36.35512616,79.368,1.96,8.08,8.08,8.1,67.92318919,14.24,4.6,1.01,10771.2,24091.5,56674.7,35128.3,1507.3,3443.1,11211.6,708.5465207,,
2003M12,5.961001,-0.10607872,36.56692676,79.467,1.83,8.03,8.03,8.1,68.81895325,14.11,4.52,0.94,11924.4,26051.1,58281.6,35444.2,1543,3467.2,11036.7,728.0018777,,
2004M01,6.077564,0.135100277,37.12775089,79.671,1.83,8.11,8.11,8.05,68.81474021,14,4.48,1.03,11122.6,25520.8,58466,34459.4,2093.9,3455.9,11192.3,705.3268921,,
2004M02,5.9904575,0.272785148,37.40219675,79.8,1.94,8.1,8.1,7.98,69.03168511,13.93,4.43,1.04,11112.7,25008.6,58242.1,34579.7,1254,3438.4,11359.8,668.9841678,,
2004M03,6.0619473,0.503453544,37.67067638,79.934,1.86,8.1,8.1,7.94,69.1236622,13.89,4.39,1.05,11170.9,24777.3,58621.2,34778.9,1407.4,3524.8,11679,642.6984033,,
2004M04,5.959499,0.69428576,37.87054456,80.142,1.92,8.05,8.05,7.9,69.71251009,13.97,4.41,1.03,11175.5,24761.1,57864.9,35105.2,1830.9,3491.3,11412.2,654.0039277,,
2004M05,6.0923934,1.173172677,38.1837708,80.252,2.1,7.98,7.98,7.91,70.42809621,13.93,4.46,1.02,11075.6,24354.2,58243.9,35509.3,1852.1,3493.2,11511.6,646.3554721,,
2004M06,6.1576724,1.247258649,38.33590927,80.379,2.26,7.94,7.94,7.9,70.89555677,13.89,4.44,1.38,11062,24388.5,59290.3,35644.9,1437.2,3487.1,11289.1,647.3865197,,
2004M07,6.178701,1.456541144,38.52086191,80.474,2.72,7.9,7.9,7.83,71.73596658,13.79,4.42,1.29,11322,24533.4,59973.1,36107,1721.8,3478.7,12066.2,649.4485531,,
2004M08,6.4481854,1.207674949,38.63421998,80.505,2.41,7.91,7.91,7.77,71.77142298,13.83,4.47,1.55,11077.1,25019.6,60409.5,36127.6,1434.8,3500.3,13118.8,684.089768,,
2004M09,6.7076325,1.338725116,38.93551379,80.656,2.08,7.9,7.9,7.78,72.28092944,13.76,4.47,1.94,11045.1,24516.5,60772.2,37033.7,2167.3,3484.4,13115.6,676.8091145,,
2004M10,7.0025206,1.635791302,39.3173515,80.831,2.07,7.83,7.83,7.76,73.24814994,13.75,4.52,1.79,11313.80323,25241.9,61063.2,37552,2452.4,3808.6,12990.9,792.2645523,,
2004M11,7.37164,1.85130248,39.70813853,81.005,2.43,7.77,7.77,7.72,74.520028,13.56,4.54,2.02,11403.9,25823.5,61924,38566.8,1814.5,3814.2,12946.8,786.803264,,
2004M12,7.5027466,1.723880909,39.94082088,81.109,2.68,7.78,7.78,7.62,75.17013876,13.5,4.54,1.97,12626.4,27859.7,64667.5,39772.3,2507.7,3843.9,12840.8,823.1860322,,
2005M01,7.726276,1.31277269,40.48374637,81.401,2.55,7.76,7.76,7.61,76.15317373,13.52,4.56,2.5,11999,27364.1,64542.7,40013.6,1625.6,3824.6,12785.4,822.0755071,,
2005M02,7.8531146,1.183414352,40.78205708,81.536,2.61,7.72,7.72,7.59,76.73009066,13.52,4.58,2.52,12049.7,27092.5,64686.7,40428.4,1418.2,3815.2,13345,850.9321514,,
2005M03,7.8005075,0.965726266,40.97297594,81.737,2.75,7.62,7.62,7.61,77.51019037,13.49,4.53,2.96,12425,28107,65920.1,40746.5,1650.8,3788.6,14482.3,841.1707973,,
2005M04,7.799828,1.077682831,41.23250625,81.831,2.75,7.61,7.61,7.59,77.56915691,13.07,4.57,2.97,12151.2,28111.3,66720.9,41165.4,2451,3778.2,15538.9,866.7841062,,
2005M05,7.804358,0.7190795,41.43834064,81.999,2.829545455,7.59,7.59,7.59,78.17775067,13.04,4.59,3.09,12150.1,28127.7,66869.4,41551.9,2148.8,3776.4,15927.8,826.1054478,,
2005M06,7.817936,0.982935528,41.70980339,82.056,3,7.61,7.61,7.62,78.43327554,13.02,4.62,3.35,12278.4,28516.4,67426.2,42504.8,1749.7,3765.9,16038.4,884.7378604,,
2005M07,7.899618,1.401086716,42.10357353,82.176,3.05952381,7.59,7.59,7.68,79.06695358,12.9,4.58,3.31,12618.3,29324.1,68785.5,43243.3,2519.3,3759.2,15964.1,877.9382522,,
2005M08,7.6539993,1.719794229,42.25571199,82.243,3.336956522,7.59,7.59,7.61,78.96632749,12.88,4.58,3.63,12347.3,28864.7,69136,43671,1694.1,3758.4,16821.2,820.1244828,,
2005M09,7.585013,1.861815072,42.61368484,82.425,3.613636364,7.62,7.62,7.61,78.30633562,12.78,4.6,3.93,12495.9,28869.2,69875.3,44306.5,1597.1,3750.9,16778.7,864.3843647,,
2005M10,7.8332543,2.45506133,43.36244472,82.662,3.75,7.68,7.68,7.62,78.94106504,12.72,4.58,4.02,12751.1,29975.9,70649.7,45294.2,2483.7,3733.5,16737.4,866.35616,,
2005M11,7.6959968,1.551993584,43.38034336,82.873,3.840909091,7.61,7.61,7.61,80.31388337,12.78,4.64,4.03,13001.8,30682.2,72180.5,46948.7,1937.4,3718.2,16683.3,989.6654821,,
2005M12,7.6550245,0.911709386,43.36244472,82.959,4.113636364,7.61,7.61,7.62,80.60262807,12.67,4.62,4.09,14261.9,32816.2,74182.5,48277.3,2034.4,3723.2,16425.7,1031.008487,,
2006M01,7.400131,0.68328216,43.75621486,83.145,4.25,7.62,7.62,7.59,80.61659193,12.72,4.62,4.47,13639.14697,32449.5,74585.5,48918.2,2455.9,4033.6,16251.1,1011.979427,,
2006M02,7.0607066,0.202843982,43.74428243,83.279,4.25,7.61,7.61,7.58,80.57783175,12.74,4.65,4.52,13784.70915,32728.3,75455.8,50002.8,1608.1,4024.9,16323.5,1047.084444,2.544714286,2.544714286
2006M03,7.081759,0.198910822,43.95608303,83.509,4.25,7.62,7.62,7.61,80.42147417,12.76,4.65,5,14001.12585,32986.7,76291.5,51007,2406,4065.7,16961.4,1069.619778,2.264304348,2.264304348
2006M04,7.1790814,0.301746266,44.31703899,83.764,4.275,7.59,7.59,7.58,80.66185847,12.74,4.69,4.86,14125.67255,33089.4,76523.6,51899.1,2562.5,4063.6,17212.7,1103.680245,2.032789474,2.032789474
2006M05,6.985295,0.631147301,44.59446795,83.974,4.5,7.58,7.58,7.58,80.8641871,12.72,4.7,5.05,14050.41808,33311.6,78040.9,52912.8,1956,4076.8,17833.7,1079.297589,2.107590909,2.107590909
2006M06,6.8786383,0.673929287,44.85996448,84.186,4.579545455,7.61,7.61,7.61,80.89916387,12.72,4.7,5.05,14312.35275,33909.4,79897.8,54063.6,1774.1,4063.2,17520.4,948.2021337,2.203954545,2.203954545
2006M07,6.8223476,0.213219922,45.06579887,84.268,4.785714286,7.58,7.58,7.61,81.33245414,12.69,4.69,5.31,14439.59094,34384,81160,54971.3,2972,4063.4,17844.7,975.2665264,2.22795,2.22795
2006M08,6.822288,0.17382919,45.21197112,84.44,5,7.58,7.58,7.61,81.4410032,12.69,4.7,5.31,14309.26059,34216.2,81943.4,56037.4,2036.9,3931.5,19315.4,942.1580258,2.305173913,2.305173913
2006M09,6.542492,-0.844207086,45.04193401,84.573,5,7.61,7.61,7.6,81.26907618,12.7,4.72,5.34,14247.93767,34616.9,82382.8,57277.2,1996.8,3903.8,19125.5,953.6331777,2.4024,2.4024
2006M10,6.00338,-2.150875872,45.03298469,84.726,5,7.61,7.61,7.68,81.61900571,12.91,4.81,5.31,15302.36743,34657.3,82985.9,58630.9,3038.2,3899.1,19530.8,1214.063107,2.374761905,2.374761905
2006M11,5.7899117,-1.388866452,45.2895319,84.766,5,7.61,7.61,7.7,82.25588551,12.88,4.84,5.31,15382.58389,36113.1,84236.4,60158.2,2244.5,3908.7,20188.9,1253.637682,2.3604,2.3604
2006M12,5.8269024,-0.034387265,45.87422089,84.88,5,7.6,7.6,7.69,83.23540796,12.88,4.84,5.17,15771.98188,38868.9,87922.3,61490.7,2187.1,3958.3,20188.6,1312.47189,2.20355,2.20355
2007M01,5.6550264,0.569407742,46.47979163,85.224,5,7.68,7.68,7.66,83.25604627,12.96,4.85,5.33,16410.38063,39067.2,86136.1,62153.4,2829.5,3952.5,20054.9,1331.983892,1.919380952,1.919380952
2007M02,5.823159,0.798499483,46.64087942,85.408,5,7.7,7.7,7.64,82.92443051,12.98,4.92,5.41,17842.73866,39721.8,86936.2,63369.9,1941.8,3954.5,20188.2,1376.820038,1.955684211,1.955684211
2007M03,5.9708595,1.053232797,47.04359887,85.494,5.022727273,7.69,7.69,7.68,82.94388769,12.89,4.92,5.3,17795.52372,40087.4,87984.9,64602.2,3018.7,4141,20330.4,1415.188434,2.017045455,2.017045455
2007M04,5.8946967,0.506757258,47.15397384,85.616,5.285714286,7.66,7.66,7.68,82.92145858,12.81,4.91,5.29,17416.48974,39594.7,86986.9,65498.9,2894,4162.6,20960.3,1398.176162,1.8029,1.8029
2007M05,5.8286786,-0.363430088,47.03166645,85.717,5.5,7.64,7.64,7.66,82.39558946,12.76,4.91,5.28,17454.18106,39864.7,87975.2,66483.4,2194.5,4152.8,21672,1374.457633,1.743136364,1.743136364
2007M06,5.872202,-0.558995457,47.24346705,85.859,5.5,7.68,7.68,7.7,82.21996615,12.77,4.92,5.31,17639.17963,39956.7,89145.3,68281.6,2184.9,4352.5,22145.4,1385.802796,1.545571429,1.545571429
2007M07,6.034255,-0.44744094,47.58354126,85.988,5.5,7.68,7.68,7.72,82.84151337,12.77,4.9,5.28,17745.11197,40577.5,90535.7,69701.7,3390.8,4360.6,22469.1,1373.543176,1.708809524,1.708809524
2007M08,6.336236,-0.127473794,48.01907489,86.116,5.5,7.66,7.66,7.64,83.92210368,12.63,4.91,4.96,17501.86255,40780.5,91675.6,70791,2381.2,4206,23325.9,1426.333418,2.056772727,2.056772727
2007M09,6.590283,0.741328365,48.34423357,86.351,5.525,7.7,7.7,7.63,83.84786986,12.8,4.92,4.58,17638.26853,41423.1,92625.6,72645.8,2126,4206.9,23710.6,1450.751217,2.137578947,2.137578947
2007M10,6.7672253,0.9500508,48.50830446,86.576,5.75,7.72,7.72,7.7,83.74578568,12.84,4.91,4.6,18044.90037,40948.8,92766.6,74512.6,3565.5,4237.8,24245.5,1567.896499,2.066272727,2.066272727
2007M11,7.2524667,1.876765285,49.42411833,86.746,6.011363636,7.64,7.64,7.72,85.69970267,12.89,4.94,4.66,18047.90925,41324.2,93332.1,76564.2,2452.4,4234.8,24206.8,1650.731886,2.23365,2.23365
2007M12,7.465017,1.281243892,49.88649993,86.92,6.285714286,7.63,7.63,7.64,86.73103629,12.89,4.91,3.06,20010.77752,44362.9,96867.2,78283.7,2564.1,4226,24191,1723.440282,2.1674,2.1674
2008M01,7.722211,0.666210796,50.37871261,87.093,6.5,7.7,7.7,7.54,86.25761757,12.74,4.94,3.22,18666.44264,43068.8,96006.7,78963.9,3048.4,4213.1,23975.4,1752.979675,2.328761905,2.328761905
2008M02,8.026314,0.736078069,50.72773614,87.178,6.5,7.72,7.72,7.43,86.39592871,12.78,4.94,3.01,18472.62592,42665.2,96016.4,79623.9,2336.3,4192.8,24316.8,1769.715236,2.17155,2.17155
2008M03,8.296442,0.803114119,51.32435755,87.349,6.535714286,7.64,7.64,7.49,87.61842566,13.09,4.97,2.51,18640.95218,42644,96382.3,80000,3137.3,4194.3,24723.4,1670.880361,2.29385,2.29385
2008M04,8.719767,1.649056939,52.04328636,87.4,6.75,7.54,7.54,7.44,89.45552702,13.23,4.99,2.37,18192.6466,40881.4,94738.8,80633.8,3489.3,4169.9,24842.3,1702.487886,2.201545455,2.201545455
2008M05,9.3274,2.914132412,52.78906314,87.559,6.75,7.43,7.43,7.41,91.26308904,13.33,5.05,1.98,17579.50651,40658.2,95762.9,81199.1,2362.8,4181.1,24988.4,1740.935025,2.038904762,2.038904762
2008M06,9.810519,3.746341517,53.64819798,87.76,6.75,7.49,7.49,7.46,91.09041955,13.4,5.13,2.47,17478.7793,40820.4,95710.9,81825.8,2241.7,4373.8,25098,1761.842299,1.966809524,1.966809524
2008M07,10.268521,3.887331298,54.31939708,87.918,6.880434783,7.44,7.44,7.53,92.39387382,13.48,5.22,2.09,17770.76775,40551.8,96346.6,82444.6,3816.3,4355.5,24988.8,1750.507469,2.337227273,2.337227273
2008M08,10.20013,3.485649959,54.59085982,88.026,7.25,7.41,7.41,7.64,93.65719715,13.57,5.28,1.94,17350.4442,40255.4,96532.9,82974.1,2251.5,4323.5,24920.3,1719.313148,2.3523,2.3523
2008M09,10.22731,2.521054803,54.50733282,88.116,7.25,7.46,7.46,7.71,92.96369877,13.67,5.34,2.03,17344.41635,40514.7,97373.6,83836.6,2282.4,4308.8,25107.6,1759.59836,2.536666667,2.536666667
2008M10,10.392165,2.534469278,54.77879557,87.991,7.25,7.53,7.53,7.86,93.5667418,13.76,5.42,0.22,17587.82597,40741.9,97673.3,84581.3,3706.7,4357.6,25392.8,1669.281429,2.767681818,2.767681818
2008M11,10.050858,0.795351561,54.78476178,87.952,7.25,7.64,7.64,7.95,94.05556146,13.79,5.45,0.52,17413.47718,42446.5,100210.4,85631.5,2301.2,4367.9,25610,1609.984167,2.842944444,2.842944444
2008M12,9.532822,-0.132594768,54.57594429,87.909,7.25,7.71,7.71,8.08,93.8097272,13.84,5.47,0.14,19665.93416,45880.7,104192.6,87209.4,2384.2,4382.4,26209.9,1507.120231,5.667428571,5.667428571
2009M01,8.633005,-0.75166914,54.34922815,87.882,7.227272727,7.86,7.86,8.09,91.16874978,13.91,5.5,0.23,18124.7,45050.5,103994.8,87340.8,3071.4,4356,26646.3,1471.091531,5.41215,5.41215
2009M02,7.8754544,-1.377365603,54.02406947,87.952,6.95,7.95,7.95,8.1,89.21245632,13.95,5.55,0.22,17952.4,44462.8,104516,87309.4,2047.4,4330.4,27169.7,1401.338748,4.748578947,4.748578947
2009M03,7.135844,-2.137297066,53.88982965,88.015,6.454545455,8.08,8.08,8.13,87.3403297,13.83,5.6,0.16,18084.7,43957.9,105644.6,87431,2777.9,4649.5,27362.5,1386.653279,4.686454545,4.686454545
2009M04,6.4798355,-2.857228599,53.92861005,88.211,6.113636364,8.09,8.09,8.18,87.03455119,13.85,5.64,0.2,18357.9,43782.8,104751.6,87208.6,3099.7,4658.2,27372.3,1440.650829,4.523761905,4.523761905
2009M05,5.8136344,-3.519330603,54.00020462,88.279,5.75,8.1,8.1,8.26,86.80041388,13.85,5.69,0.19,18436.7,44405.6,105757.5,87042.8,2086.3,4669.6,27463,1384.928282,3.8392,3.8392
2009M06,5.10298,-4.485764698,53.97932287,88.392,5.545454545,8.13,8.13,8.32,85.71486764,13.82,5.73,0.22,17891,44419.6,106903.9,87103.8,2237.7,4784.4,27769.9,1364.934529,3.158181818,3.158181818
2009M07,4.353857,-4.655905438,54.15532619,88.468,5.206521739,8.18,8.18,8.35,85.63751504,13.89,5.68,0.18,18454,44639,108259.4,87058.7,3548.2,4760.1,27780.2,1245.216916,3.090681818,3.090681818
2009M08,4.0191174,-4.751357837,54.19112347,88.599,4.75,8.26,8.26,8.3,84.62949079,13.95,5.66,0.15,18052.1,43630,109096.2,87270,2155.8,4747.1,27737.5,1202.112184,2.835666667,2.835666667
2009M09,3.8085938,-3.775756672,54.52523147,88.755,4.636363636,8.32,8.32,8.33,84.5420619,13.98,5.66,0.07,18342.8,43451,108022.9,87484.2,2191.1,4764.5,30387.7,1184.885933,2.864333333,2.864333333
2009M10,3.3288121,-3.982300092,54.42082272,89.082,4.5,8.35,8.35,8.37,83.99431067,13.93,5.66,0.11,18614,43773.5,109658.3,87730,3675.4,4752.1,30659.5,1183.564664,2.752952381,2.752952381
2009M11,3.074646,-3.684501704,54.45065379,89.16,4.5,8.3,8.3,8.15,84.40068349,13.68,5.65,0.13,18681.8,45176.9,110071.8,88041.5,2289.4,4804,30629.1,1180.209644,2.606736842,2.606736842
2009M12,2.9898643,-3.26862899,54.42380582,89.236,4.5,8.33,8.33,8.02,84.29070883,13.57,5.61,0.05,21232.6,48490.4,114613.5,88189.3,2631.4,4927.6,30598.2,1164.992727,2.351681818,2.351681818
2010M01,3.1737208,-1.741150406,55.1278191,89.368,4.5,8.37,8.37,8.01,84.66041288,13.52,5.62,0.12,20081,48800.5,115761.6,88418.4,3240.8,5257.866,30546.34322,1106.153416,2.215315789,2.215315789
2010M02,3.330791,-0.845975981,55.36646767,89.446,4.5,8.15,8.15,8,87.28078702,13.5,5.62,0.13,19833.73286,47174.6,115525.5,87608.1,2250.2,5240.2124,30462.92207,1134.886358,2.144894737,2.144894737
2010M03,3.6690593,0.261192568,56.00783569,89.579,4.5,8.02,8.02,8.01,89.3295426,13.48,5.62,0.09,20700.9,48039.5,116172.7,87411.1,2982.2,5228.289,30383.43474,1115.022201,2.000913043,2.000913043
2010M04,3.799367,-0.048952131,55.95115666,89.625,4.5,8.01,8.01,8.01,89.27225124,13.42,5.58,0.2,19793.5,47357.7,116671.5,87868.6,3458.7,5287.9,29902.43062,1096.66822,1.864571429,1.864571429
2010M05,3.85319,-0.34529032,55.89447762,89.724,4.5,8,8,8.02,89.17870043,13.36,5.53,0.19,19515.2,46492.2,116837.7,88314.1,2362.9,5275.0239,29711.41695,1150.497621,2.1942,2.1942
2010M06,3.9250731,0.14234884,56.17488969,89.767,4.5,8.01,8.01,8.08,89.59544796,13.36,5.5,0.09,20024.2,46790.7,118185.8,88655.7,2415.5,5419.7755,32434.01743,1123.549715,2.317909091,2.317909091
2010M07,3.9713264,0.148977665,56.38669029,89.769,4.5,8.01,8.01,8.06,89.96974457,13.29,5.44,0.18,20111.8,47559.2,119334.1,88506.4,3739.3,5423.6,33848.42884,1057.65711,2.37647619,2.37647619
2010M08,4.0007114,0.09485174,56.41055515,89.855,4.5,8.02,8.02,8,89.76537777,13.27,5.42,0.21,19690.7,46679.6,119277.5,88437.7,2577.6,5405.8298,34324.09555,1030.569054,2.585318182,2.585318182
2010M09,4.025328,-0.266711083,56.57462604,89.906,4.5,8.08,8.08,7.98,89.3027548,13.27,5.42,0.15,19730.7,46927.1,119856.6,89416.4,2433.3,5412.3614,35138.93077,1122.506051,2.434142857,2.434142857
2010M10,4.136014,0.369823856,56.87293675,90.043,4.5,8.06,8.06,7.96,89.86000522,13.21,5.41,0.2,20338.4,47915.6,121550.7,90185.5,3670.2,5438.0607,35119.07669,1092.369837,1.93085,1.93085
2010M11,4.1679263,1.086004561,57.31145349,90.16,4.5,8,8,7.82,91.11271131,13.21,5.4,0.2,21201.9,49611.4,123019.1,92214.5,2665.4,5445.3981,35106.89501,1082.658957,1.66395,1.66395
2010M12,4.4112325,0.982321545,57.35918321,90.179,4.5,7.98,7.98,7.71,91.36557551,13.25,5.34,0.13,23390.3,53076.4,127546.4,93249.8,2975.9,5561.9998,36795.38627,1301.141313,1.777409091,1.777409091
2011M01,4.251778,0.586602952,57.795113,90.372,4.5,7.96,7.96,7.63,91.97113786,13.28,5.35,0.17,22652.9,51661.5,128290.2,93589.7,3471.195282,5548.7615,36916.04329,1321.795602,1.6787,1.6787
2011M02,4.4585824,0.725622341,58.23677871,90.53,4.5,7.82,7.82,7.65,93.89760433,13.37,5.33,0.16,22198.8,51016.4,128692.1,94020.6,2519.517984,5539.7356,38826.23604,1394.129604,1.5151,1.5151
2011M03,4.4563413,0.424589725,58.74153952,90.667,4.5,7.71,7.71,7.79,95.10691107,13.37,5.3,0.1,22499.4,52041.1,130733.4,94475.1,4213.909057,5522.4529,39620.81656,1385.861224,1.65926087,1.65926087
2011M04,4.734421,1.031880983,59.17746931,90.875,4.75,7.63,7.63,7.76,96.17837238,13.44,5.27,0.09,22840.9,52848.7,131721.5,95123.8,3887.351004,5518.8032,39949.2511,1395.388665,1.82085,1.82085
2011M05,4.884076,1.512841329,59.47000115,91.091,4.75,7.65,7.65,7.83,95.66715545,13.37,5.28,0.1,21798.7,51804,130514.3,96017.5,2837.975696,5537.620583,40236.41039,1641.475866,2.023238095,2.023238095
2011M06,4.989505,1.437898749,59.78547665,91.191,4.75,7.79,7.79,7.85,94.6861409,13.39,5.26,0.07,22601.2,52562.1,132861.1,97458.9,2998.178981,5530.85,41607.37078,1790.603367,2.095636364,2.095636364
2011M07,5.165124,1.869589787,60.35333257,91.326,4.75,7.76,7.76,7.85,95.87737896,13.37,5.24,0.11,22467.8,53152,134777.6,98148.1,4185.038516,5522.8,42093.11677,1775.670671,2.1333,2.1333
2011M08,5.397749,2.232277441,60.71469542,91.508,5,7.83,7.83,7.81,95.34111076,13.45,5.25,0.08,21933.4,51980.6,134501.7,98682.9,3001.625357,5498.4,43046.84454,1798.204515,2.934173913,2.934173913
2011M09,5.4211497,1.825770416,60.67454399,91.57,5,7.85,7.85,7.8,94.82829674,13.51,5.24,0.06,21776,51610.3,133626.6,100813.6,2905.465261,5475.1,44166.87286,2053.018059,3.429761905,3.429761905
2011M10,5.555296,1.088749109,60.65160032,91.614,5.5,7.85,7.85,7.81,95.09096614,13.53,5.24,0.09,21766.4,51992.8,134402.7,102157.6,4289.611416,5736.97,45538.95198,2199.457085,3.46355,3.46355
2011M11,5.635619,0.422634175,60.78352644,91.808,5.5,7.81,7.81,7.78,95.74160972,13.55,5.25,0.1,22603.5,53944.5,136766.2,104751.3,2915.98142,5402.6,46292.05364,2065.328278,3.5487,3.5487
2011M12,5.5254817,0.6745183,60.91545256,91.96,5.5,7.8,7.8,7.73,96.37478126,13.51,5.19,0.04,24532.5,57340.5,141226.1,106391.8,3066.303967,5604.9,45027.73762,2115.357779,3.520095238,3.520095238
2012M01,5.325496,0.172717577,60.97281175,92.235,5.5,7.81,7.81,7.74,95.93792203,13.56,5.2,0.11,23189.2,56070,140782.3,105900.8,3867.798951,5587.8814,44874.4949,2098.444833,3.39805,3.39805
2012M02,5.1559925,0.064139481,61.27681542,92.364,5.5,7.78,7.78,7.78,96.30423732,13.49,5.2,0.1,23240.8,55997.6,141828,107310.6,2863.473801,5551.6201,45761.58163,2080.485807,3.3374,3.3374
2012M03,5.126548,-0.468799733,61.47757256,92.521,5.5,7.73,7.73,7.85,96.62321113,13.39,5.21,0.09,23365.7,55929.4,142932.8,108706.6,4095.160112,5527.9894,46007.44272,1947.388504,3.038818182,3.038818182
2012M04,4.8493743,-0.574875899,61.70700929,92.661,5.5,7.74,7.74,7.82,96.38328672,13.41,5.23,0.16,23173,54488.8,141191.2,109629.5,3999.806189,5516.209,47410.65033,2058.449303,3.15185,3.15185
2012M05,4.802668,-0.906063062,61.78731215,92.755,5.5,7.78,7.78,7.88,96.18846236,13.43,5.25,0.16,22845.7,53551.3,140826.4,110979.1,3046.674446,5516.423,47467.63207,2159.161998,3.448384764,3.448384764
2012M06,4.854834,-1.381745638,61.86187909,92.85,5.5,7.85,7.85,7.98,95.65623723,13.46,5.32,0.09,23045,54551.5,141329.2,112137,3253.917515,6238.4,47162.53018,2217.523521,3.828985086,3.828985086
2012M07,4.7536373,-1.892964424,62.07984398,92.946,5,7.82,7.82,7.88,96.45160864,13.51,5.34,0.13,22945.6,54148.3,142698.1,113562.3,4490.650939,6213.2,47438.69037,2221.320181,3.674487414,3.674487414
2012M08,4.781842,-2.070457966,62.36090398,93.005,5,7.88,7.88,7.87,95.61504917,13.49,5.34,0.13,22397.9,54557.9,144589.3,115966.8,3102.004124,6251.9994,47672.37349,2264.186372,3.20084537,3.20084537
2012M09,4.8240423,-1.543649031,62.66490765,93.119,5,7.98,7.98,7.89,94.59780528,13.52,5.38,0.09,22583.6,53820.3,145485.7,117885.3,2903.648949,6247.1666,47308.8773,2289.813068,2.940780995,2.940780995
2012M10,4.787576,-1.439741689,62.68211541,93.345,5,7.88,7.88,7.89,95.86061976,13.59,5.4,0.18,23212.1,54226.1,145252.6,118991.2,4615.472556,6297.682,47207.5498,2462.528973,2.807405418,2.807405418
2012M11,4.813254,-1.699165107,62.67637949,93.445,5,7.87,7.87,7.83,96.31906952,13.55,5.41,0.16,23185.9,56699.5,148416.9,121097.7,3120.753673,6281.1342,47222.21566,2628.645157,2.826382075,2.826382075
2012M12,4.8956156,-1.449287916,63.01479867,93.514,5,7.89,7.89,7.81,96.854545,13.47,5.38,0.09,26552.1,61172.1,155033.3,125175.5,3460.466604,6304.686,47138.71255,2786.543158,2.826631465,2.826631465
2013M01,4.9726963,-1.115687833,63.32453826,93.703,5,7.89,7.89,7.8,97.19732556,13.52,5.42,0.15,24517.3,58173.3,153143.3,124949.1,4505.3548,6264.9358,47976.52038,2708.1,2.585440933,2.585440933
2013M02,5.0985456,-0.914327684,63.84077091,93.805,5,7.83,7.83,7.79,97.83356009,13.5,5.45,0.14,24007.3,58315.8,154592.5,125607.2,3030.780813,6934.3353,49623.69962,2645.8,2.490629459,2.490629459
2013M03,4.9437284,-0.605232412,64.14477458,93.891,5,7.81,7.81,7.82,98.28496669,13.5,5.46,0.09,25150.8,59950.9,156149.8,126267.2,4142.600153,6908.2882,49568.24487,2642,2.544795838,2.544795838
2013M04,4.9723387,-0.845177518,64.25375703,93.937,5.25,7.8,7.8,7.82,98.71010542,13.53,5.45,0.14,24412.5,58271.6,157159.6,127014.2,4775.624094,6953.4963,49569.13854,2554,2.732268126,2.732268126
2013M05,4.8665643,-0.596233814,64.42583458,94.047,5.25,7.79,7.79,7.89,98.9130723,13.59,5.44,0.09,23811.7,58416,159060.8,128065,3439.921011,6937.8002,49440.93297,2598.1,2.470042091,2.470042091
2013M06,4.7871113,0.006583647,64.82734886,94.209,5.25,7.82,7.82,7.94,98.8998028,13.62,5.46,0.07,24105.3,58387.9,158430.4,129316.9,3031.353669,6973.6866,49448.32638,2650,2.749946388,2.749946388
2013M07,4.648304,0.091601756,65.02237008,94.329,5.25,7.82,7.82,7.96,99.08717123,13.62,5.45,0.09,24157.5,58029.4,160053.3,132033,5213.832666,6650.9048,49427.56669,2827.6,2.752193626,2.752193626
2013M08,4.305291,0.109720038,65.11414477,94.431,5.25,7.89,7.89,7.9,98.16252945,13.62,5.47,0.07,23595.3,58658.8,161654.1,134486.8,3303.888071,6639.7707,49504.41749,3101.7,2.416475811,2.416475811
2013M09,4.1101694,0.100356916,65.30343008,94.543,5.25,7.94,7.94,7.86,97.80263704,13.63,5.5,0.06,23561.5,57504,161177.6,135910,3175.187021,6620.5,51202.68784,2986.4,2.633892115,2.633892115
2013M10,4.0216446,0.132820993,65.28622232,94.703,5,7.96,7.96,7.85,97.82547293,13.66,5.47,0.07,24170.9,57482.5,161568.6,137679.2,5114.816428,6623.4,51354.27817,3212.600639,2.651801035,2.651801035
2013M11,3.9537191,0.677012116,65.57875416,94.86,5,7.9,7.9,7.76,99.24810399,13.68,5.5,0.07,23892.3,59004.1,163399.6,139502.2,3300.237291,6807.4,51335.29018,3443.391922,2.665628097,2.665628097
2013M12,3.7581563,0.629245848,65.7795113,94.961,5,7.86,7.86,7.73,100,13.7,5.46,0.07,27130.3,63030.5,168946,140158.7,3301.874205,7070.2279,49403.64542,3432.458472,2.593609322,2.593609322
2014M01,3.5331607,0.606332054,65.94585293,95.064,5,7.85,7.85,7.75,100.0881584,13.78,5.49,0.07,24811.8,61371.6,167812.5,139747.8,4696.244009,7045.5,49015.30993,3353.892138,2.610073121,2.610073121
2014M02,3.243363,0.260680127,66.07777905,95.109,5,7.76,7.76,7.73,101.0414643,13.81,5.49,0.06,24637.4,60515.4,168138.2,139739.2,3139.864197,7023.7,51054.50796,3379.430165,2.622571806,2.622571806
2014M03,3.276062,-0.03006361,66.22691293,95.25,5,7.73,7.73,7.8,100.9937374,13.8,5.5,0.06,24854.6,61110.2,170311.7,140252.2,4089.339032,7028.0658,53013.32729,3384.103824,2.501119626,2.501119626
2014M04,3.1767964,0.090477301,66.35310313,95.413,4.75,7.75,7.75,7.77,100.6034389,13.81,5.5,0.09,25281.5,61550.8,170921.4,142351.2,5068.51996,7026.5508,55694.64849,3706.904714,2.392369923,2.392369923
2014M05,3.1538963,0.069038173,66.50223701,95.574,4.75,7.73,7.73,7.81,100.6166434,13.83,5.51,0.08,24879.7,61376.9,170924.5,143198,3565.810767,7016.3618,56703.8291,3595.673142,2.382145883,2.382145883
2014M06,3.0278087,0.104380293,66.85786394,95.682,4.75,7.8,7.8,7.72,100.0724006,13.84,5.5,0.09,25078.8,61644.9,171925.2,144831.4,3402.232866,7029.0841,56580.5544,3662.239934,2.178548264,2.178548264
2014M07,3.0236006,0.390302011,67.24217047,95.848,4.5,7.77,7.77,7.65,101.1009188,13.87,5.46,0.08,25973.2,61658,173623.4,146311.2,5589.202784,7001.6,56141.90157,3835.428725,2.400787322,2.400787322
2014M08,3.0651927,0.634595884,67.52323047,95.885,4.5,7.81,7.81,7.62,101.3101982,13.74,5.46,0.07,25380.6,62078.9,175597.2,146780.4,3601.894542,7011.7,55804.89171,3806.352805,2.449492392,2.449492392
2014M09,3.0503511,0.401559308,67.55764598,96.013,4.5,7.72,7.72,7.62,102.3983999,13.73,5.48,0.07,25143.3,61123.5,176354.7,147523.1,3528.133195,6985.0805,55414.97587,3731.78442,2.252492168,2.252492168
2014M10,3.0014753,0.635846788,67.66089251,96.096,4.5,7.65,7.65,7.64,103.8820069,13.73,5.49,0.07,25838,61734.4,176380,148721.2,5264.379855,6996.8034,54735.14846,3650.539851,2.461049493,2.461049493
2014M11,2.9128551,0.463336626,67.79281863,96.181,4.5,7.62,7.62,7.65,104.9454199,13.7,5.49,0.08,25902.5,62791,177369.5,150233.3,3468.456098,7017.9315,54672.032,3638.948219,2.465729231,2.465729231
2014M12,2.88558,0.061751706,67.71825169,96.249,4,7.62,7.62,7.63,105.3849654,13.64,5.46,0.06,29164.4,67530.5,183567.8,152455,3682.854081,7039.3,57428.72356,3927.135472,2.719736615,2.719736615
2015M01,2.8228521,-0.50050714,67.47734312,96.214,4,7.64,7.64,7.69,105.2918833,13.6,5.45,0.06,27231.5,67461.9,184210.6,153469.1,4793.192951,7356.291498,59720.49052,3923.011951,3.001371331,3.001371331
2015M02,2.8655171,-0.426280989,67.6895721,96.324,4,7.65,7.65,7.69,105.0317782,13.48,5.45,0.06,27115.3,68010.5,185855.2,155622.5,3340.335286,7404.40391,59398.55624,4027.740258,2.635522093,2.635522093
2015M03,2.747202,-0.32211972,67.83297006,96.47,3.5,7.63,7.63,7.65,104.8931771,13.37,5.45,0.06,29055.9,69277,188788.8,156583.6,4196.65917,7382.33226,62522.37981,3994.155252,2.742268955,2.742268955
2015M04,2.728045,-0.151973077,68.06240679,96.648,3.5,7.69,7.69,7.65,104.2121146,13.29,5.43,0.08,28168.4,68949.8,190070.4,158552.9,5113.679677,7496.04885,62594.99565,4011.065657,2.717645766,2.717645766
2015M05,2.7202964,-0.167251722,68.20006883,96.766,3.5,7.69,7.69,7.646643871,103.8534671,13.21,5.49,0.08,30081,70546.7,192603.3,160673.6,3518.265799,7484.72409,61946.51954,3974.059979,2.484962981,2.484962981
2015M06,2.7834892,-0.398451451,68.45244924,96.882,3.5,7.65,7.65,7.693564,104.3884308,13.15,5.49,0.08,29768.5,70410.4,192288.8,161431.2,3532.424127,7485.78713,61553.03347,4208.474998,2.472933392,2.472933392
2015M07,2.7884483,-0.468223102,68.80234025,96.978,3.25,7.65,7.65,7.683855806,104.9717678,13.12,5.48,0.08,29737.9,71329.6,193801.6,162892.3,5776.310559,7451.63515,61198.9118,4219.104201,2.695093839,2.695093839
2015M08,2.812028,-0.849744616,68.8482276,97.056,3.25,7.646643871,7.646643871,7.647624333,105.2036884,13.09,5.48,0.08,29162,69697.1,194198.8,164853.6,3540.744,7429.9452,61223.68981,4356.495421,3.04771126,3.04771126
2015M09,2.8027773,-0.926397609,68.82528393,97.196,3.25,7.693564,7.693564,7.613479355,104.6902244,13.13,5.49,0.07,28794.7,69092.5,193808.8,166372.4,3429.541625,7403.5018,61168.82137,4431.059748,3.018935403,3.018935403
2015M10,2.833712,-0.604142654,69.16943903,97.228,3,7.683855806,7.683855806,7.648605484,105.3939334,13.12,5.49,0.07,29277.5,69943.1,194953.2,168422.4,5353.816005,7400.3009,61157.6422,4338.381603,3.119953912,3.119953912
2015M11,2.8252602,-0.312357247,69.49638637,97.332,3,7.647624333,7.647624333,7.662025517,106.6189378,13.12,5.5,0.08,29564.8,69626.3,194202.5,170328.5,3505.086176,7377.0333,61111.85565,4457.663768,2.898136113,2.898136113
2015M12,2.85213,0.214107506,69.79465412,97.396,3,7.613479355,7.613479355,7.71716,107.9254689,13.06,5.43,0.2,33308.09506,75048.2,200906.9,172036.2,3630.644625,7489.948,61459.68246,4519.94999,2.991536329,2.991536329
2016M01,2.905774,1.471988666,70.43134106,97.567,3,7.648605484,7.648605484,7.730261,108.2308568,13.08,5.5,0.29,30855.45137,73944.8,200567.2,172721.9,4921.737041,7447.4488,62699.84225,4439.603157,3.262727174,3.262727174
2016M02,2.8243423,1.446482206,70.58047493,97.736,3,7.662025517,7.662025517,7.655817097,108.1810204,13.07,5.5,0.29,30516.90036,73339.5,201330.8,172745.6,3350.365683,7430.3652,63242.06163,4463.983476,3.599970481,3.599970481
2016M03,2.7963758,1.465420243,70.72387289,97.876,3,7.71716,7.71716,7.642882333,107.1649629,13.11,5.49,0.25,31270.00002,73246.2,202470.3,172957.4,4244.158265,7410.7823,64397.33754,4401.022056,3.204795238,3.204795238
2016M04,2.7655244,1.321783876,70.84432718,98.117,3,7.730261,7.730261,7.604172903,106.6598853,13.13,5.48,0.3,31040.34027,74288.6,204448.2,173206.2,5310.253694,7401.0091,63856.72708,4284.905402,3.101276536,3.101276536
2016M05,2.747786,1.608816187,71.17127452,98.284,3,7.655817097,7.655817097,7.534532903,107.7548901,13.15,5.48,0.29,30770.39558,72836.5,203205.8,173728,4457.798924,8069.0671,63247.54294,4320.879169,3.048614162,3.048614162
2016M06,2.6570797,1.775633556,71.48675003,98.386,3,7.642882333,7.642882333,7.525949,108.055044,13.14,5.46,0.3,31273.96573,73479.8,203513.3,173508.5,3828.188012,8064.9738,63444.45157,4368.257112,3.044294686,3.044294686
2016M07,2.6344538,1.98413728,71.980039,98.529,3,7.604172903,7.604172903,7.498369032,109.5322113,13.11,5.46,0.3,32147.11151,74467.3,205636.3,174102.5,6257.337134,8022.6996,63470.08065,4278.238684,2.752748055,2.752748055
2016M08,2.596283,2.144198546,72.11196513,98.703,3,7.534532903,7.534532903,7.504329333,110.6524798,13.1,5.47,0.3,31014.61057,71880.1,203955.1,174671.7,4140.999355,8005.8143,63790.48143,4355.647403,2.592378054,2.592378054
2016M09,2.5498152,2.008898026,71.96283125,98.834,3,7.525949,7.525949,7.504338387,110.2862382,13.12,5.48,0.29,31308.0176,72555.4,205259,175190.4,3672.768005,7996.8128,64189.29185,4458.074988,2.56977435,2.56977435
2016M10,2.5949478,2.164982542,72.46185614,98.961,3,7.498369032,7.498369032,7.522136129,111.3206875,13.1,5.49,0.31,32866.87653,73074.8,206283.2,175702.1,5677.657617,7962.4793,64043.88451,4317.186511,2.562229133,2.562229133
2016M11,2.6058435,2.065665249,72.74291614,99.005,3,7.504329333,7.504329333,7.411076071,111.8376748,13.08,5.49,0.31,32078.5,74427.3,208499.4,178642,3977.694104,8014.3942,65373.63343,4416.44947,2.771716703,2.771716703
2016M12,2.6061893,1.626223586,72.74865206,99.12,3,7.504338387,7.504338387,7.35949871,111.8097467,13.03,5.44,0.55,35473.76789,79517.6,214131.7,182198.7,4270.542166,8015.5041,65382.42203,4902.859844,2.741684721,2.741684721
2017M01,2.693355,1.134318263,73.12722267,99.385,3,7.522136129,7.522136129,7.337470667,111.4760322,13.05,5.45,0.56,33847.17664,77385.1,212851,181904.3,5263.734033,7983.9706,65811.9652,4811.870191,2.596313293,2.596313293
2017M02,2.698481,1.259259756,73.37386716,99.561,3,7.411076071,7.411076071,7.339385313,113.1721464,13.05,5.45,0.57,34353.85609,76411.9,213808.4,181452,3619.073405,7944.7823,66499.13913,4764.360879,2.487173297,2.487173297
2017M03,2.671063,1.32731494,73.55168062,99.519,3,7.35949871,7.35949871,7.343816333,114.1711645,13.08,5.44,0.82,35163.18551,77476,215533.3,181937.7,4894.701462,7906.4327,67858.93812,4800.226128,2.320085935,2.320085935
2017M04,2.6205778,1.468159954,73.74096593,99.723,3,7.337470667,7.337470667,7.306322258,114.4513174,13.08,5.42,0.83,35565.79993,79167.8,217753.8,182976.5,5742.649564,7870.2936,67767.12706,4890.166446,2.343840561,2.343840561
2017M05,2.563274,1.369672486,73.97040266,99.803,3,7.339385313,7.339385313,7.275192581,114.6256381,13.04,5.41,0.83,35120.23337,77788,218849.3,183112.1,3940.70892,7859.3912,69124.07468,4716.5,2.308171589,2.308171589
2017M06,2.497661,1.867259164,74.6070896,99.937,3,7.343816333,7.343816333,7.301883,115.9496419,13.05,5.4,1.06,35446.00189,78598.3,219651.6,183897.9,4638.728605,8344.8725,69371.65935,4797.115367,2.371775196,2.371775196
2017M07,2.441442,2.778097406,75.7370655,100.01,3,7.306322258,7.306322258,7.34362,117.958469,13.06,5.37,1.07,36174.35296,79114.9,221697.7,183390.7,6255.914937,8309.7444,69715.75171,4748.222851,2.334732236,2.334732236
2017M08,2.3712516,2.345579453,75.51336469,100.118,3,7.275192581,7.275192581,7.332673667,117.7134204,13.06,5.35,1.07,35508.2621,77608.3,221450.6,183438.4,4058.244055,8286.0611,69682.22108,4734.037748,2.346947223,2.346947223
2017M09,2.3858309,1.974124464,75.10037857,100.24,3,7.301883,7.301883,7.34079,116.0251758,13.05,5.35,1.06,35660.96525,78371.7,222036.9,184261.4,3770.992103,8242.9999,69809.52598,4876.514668,2.367576544,2.367576544
2017M10,2.348888,1.854389131,75.50762877,100.486,3,7.34362,7.34362,7.343481613,116.0749951,13.08,5.33,1.07,36379.24095,78685.2,223091.7,185179.9,6048.834256,8245.0913,70107.95116,4926.558616,2.303210789,2.303210789
2017M11,2.379644,2.312045008,76.15578754,100.535,2.75,7.332673667,7.332673667,7.359597143,117.2433576,13.05,5.32,1.07,36252.92684,79770.8,224064.1,187399.9,4198.703967,8233.8805,71522.34181,5007.650148,2.258257356,2.258257356
2017M12,2.3343444,3.342545926,76.87851325,100.683,2.75,7.34079,7.34079,7.392914516,118.2946264,13,5.28,1.33,39823.92151,86427.6,232050.2,189043,4251.788318,8181.4688,72345.55296,5312.611467,2.17541942,2.17541942
2018M01,2.2283196,2.485775623,76.57450958,101.007,2.75,7.343481613,7.343481613,7.402599667,117.1455092,13.07,5.27,1.34,37685.34025,82297.9,228793.9,188475.8,5750.597433,8164.5413,72344.93387,5086.21099,2.0095,2.0095
2018M02,2.2416592,1.909372695,76.41963978,101.198,2.75,7.359597143,7.359597143,7.440304516,116.1259215,13.05,5.27,1.35,37806.94595,82767.1,230222.9,188561.2,3786.855287,8158.2126,73659.26145,5002.923275,2.00392,2.00392
2018M03,2.2469163,1.894080347,76.59745325,101.419,2.75,7.392914516,7.392914516,7.485269667,115.610272,13.01,5.25,1.67,38902.60647,84735.5,233475,189878.8,4791.386352,8139.6916,74661.05034,5052.202858,2.00392,2.00392
2018M04,2.3006558,1.619692675,76.63186876,101.602,2.75,7.402599667,7.402599667,7.484703226,115.0534662,13.02,5.25,1.69,38472.02081,84310.4,234336.6,190087.1,6061.566507,8118.3978,75432.19186,5067.695806,2.059133,2.059133
2018M05,2.3118377,1.774700762,76.99323162,101.78,2.75,7.440304516,7.440304516,7.500703226,114.5339466,12.98,5.22,1.7,38122.42657,82796.7,235382.6,191391.9,4293.825666,8102.3209,76382.59939,5188.192515,2.20808,2.20808
2018M06,2.460575,1.329691779,77.43489733,101.872,2.75,7.485269667,7.485269667,7.654351333,114.3167109,12.94,5.21,1.91,38470.8,84144.4,235782.4,191899.7,4225.127155,8088.0444,76927.13999,5142.066132,2.368719,2.368719
2018M07,2.581048,0.02422313,77.71022141,102.006,2.75,7.484703226,7.484703226,7.724274516,114.7241675,12.96,5.17,1.91,38793,84570.9,237907,191616.4,6622.724534,8065.4271,77819.05544,5094.284018,2.18573828,2.18573828
2018M08,2.635312,0.729670909,78.05437651,102.016,2.75,7.500703226,7.500703226,7.700699,114.9225959,12.92,5.15,1.91,38357.6,84555.8,239696,192403.3,4202.180844,8305.1225,79302.02012,5118.24933,2.27764065,2.27764065
2018M09,2.67843,1.873620714,78.51898589,102.205,2.75,7.654351333,7.654351333,7.730000645,113.1545342,12.87,5.13,2.18,38434.9,84425,241662.9,195243.7,3924.752627,8272.8629,80618.35295,4963.068168,2.3,2.3
2018M10,2.5960684,1.741518959,78.78283813,102.366,2.75,7.724274516,7.724274516,7.729149677,112.3086362,12.85,5.11,2.2,40097,84274.4,241187.8,197208.8,6459.3,8246.5,81549.74929,4975.001414,2.302166,2.302166
2018M11,2.5298119,0.618489674,78.5534014,102.556,2.75,7.700699,7.700699,7.737828214,112.7017897,12.81,5.09,2.2,40077.1,87051.8,244008.9,199254.2,4448.3,8228.6,82160.70004,5087.41596,2.481740172,2.481740172
2018M12,2.5266647,-0.213749681,78.65664793,102.735,2.75,7.730000645,7.730000645,7.690478387,112.7823925,12.72,5.05,2.4,44202.35686,93555,253786.9,202220.6,4268.9,8220.5047,82386.91926,5196.412509,2.698559189,2.698559189
2019M01,2.4304986,1.674370314,79.71779282,102.878,2.75,7.729149677,7.729149677,7.644305667,114.0989523,12.74,5.05,2.4,41996.8,90228.8,250263.3,201438.3,5988.915407,8214.3738,83196.90726,4930.784084,2.5925,2.5925
2019M02,2.3821592,2.076296103,79.82677527,102.959,2.75,7.737828214,7.737828214,7.667630323,113.6463813,12.77,5.03,2.4,41880.2,90392.6,252368,202211.1,3918.732353,8166.2907,84721.29074,4924.136762,2.4601,2.4601
2019M03,2.454853,1.716181896,79.79235976,103.049,2.75,7.690478387,7.690478387,7.704992333,113.655628,12.79,5.02,2.43,42178.3,92759.4,254175.1,203100.8,5091.430497,8129.3885,85395.84083,4953.774516,2.5165,2.5165
2019M04,2.4609685,2.292025512,80.2741769,103.274,2.75,7.644305667,7.644305667,7.675909355,114.4266362,12.75,5.01,2.45,43144.9,92776.8,255546.5,204310.3,6229.499375,8078.5654,86491.85121,4920.682431,2.4199,2.4199
2019M05,2.4666905,2.070298251,80.48640587,103.381,2.75,7.667630323,7.667630323,7.67082129,114.1372545,12.74,5.1,2.4,42731.9,93344.3,256132.4,205200.8,4597.005921,9263.1642,87354.50882,4903.787121,2.555420698,2.555420698
2019M06,2.394545,2.405455,81.1517724,103.586,2.75,7.704992333,7.704992333,7.705932333,114.4999997,12.75,5.08,2.4,43264.1,94275.9,258752.6,205807.6,4239.576312,9251.4605,87510.48018,5001.889003,2.78435275,2.78435275
2019M07,2.282393,2.087255657,81.10588505,103.706,2.75,7.675909355,7.675909355,7.762956452,114.6771719,12.77,5.03,2.4,44489.7,94521.6,260638,204940.1,7034.346518,9215.035,87816.05726,4960.642936,2.463720799,2.463720799
2019M08,2.247858,0.765075568,80.40610302,103.811,2.75,7.67082129,7.67082129,7.704358667,113.768939,12.79,5,2.13,43731.3,95395.4,263001.6,205268.8,4471.05877,9177.0574,87803.33938,5009.907538,2.739001767,2.739001767
2019M09,2.172351,-0.367982529,79.93575771,103.889,2.75,7.705932333,7.705932333,7.688606129,112.4999704,12.78,4.99,1.9,44107.2,95228,265056.9,207101.8,4264.329199,9139.3049,87409.72939,5050.44954,2.422422032,2.422422032
2019M10,2.1854997,-0.015860093,80.49214179,104.048,2.75,7.762956452,7.762956452,7.695609032,112.1942914,12.7,4.96,1.58,46179.2,96199.4,265346.7,208927.7,7130.751772,9125.3343,87128.85885,4820.46082,2.530608527,2.530608527
2019M11,2.214849,0.705925005,80.84776873,104.066,2.75,7.704358667,7.704358667,7.648576897,113.6080343,12.67,4.95,1.56,46371.5,99233,268963,210793.9,4636.129651,9113.6745,87123.80126,4721.281053,2.3544,2.3544
2019M12,2.209723,1.195804602,81.33532179,104.279,2.75,7.688606129,7.688606129,7.68644871,114.6315645,12.64,4.91,1.55,50987.7,106164.1,278673.9,212828.7,4991.782083,9105.8117,87221.65684,4817.699654,2.3127,2.3127
2020M01,2.2951484,-0.510718986,81.14030056,104.475,2.75,7.695609032,7.695609032,7.707339667,113.8111265,12.65,4.87,1.59,48844.6,104125.6,277521.9,213041.9,6587.389086,9105.5092,87165.55815,4481.810576,2.26729,2.26729
2020M02,2.232051,-0.996152459,80.81335322,104.664,2.75,7.648576897,7.648576897,7.698647097,113.7378113,12.68,4.84,1.58,48241.9,104342,278421.1,214234.7,4261.042982,9040.426,88225.75508,4768.134262,2.431708215,2.431708215
2020M03,2.117157,-0.348772268,81.20339566,104.586,2.75,7.68644871,7.68644871,7.697426333,113.9717423,12.64,4.82,0.08,50190.3,105553.6,284043,219460.9,3653.747159,9003.7202,90033.32477,5189.79866,4.15474147,4.15474147
2020M04,2.0463228,-0.167080213,81.78272341,104.237,2,7.707339667,7.707339667,7.695966129,115.2443678,12.62,4.74,0.05,52021.7,106312.9,286937.6,220966.6,6953.056577,10477.7137,93482.76741,5102.296975,4.418880305,4.418880305
2020M05,2.0244598,-0.221438135,81.93759321,104.364,2,7.698647097,7.698647097,7.705185806,115.5906794,12.66,4.73,0.05,53735.3,109904.8,292601,221066.7,3477.868175,10462.3,93650.85017,4841.543955,3.834503218,3.834503218
2020M06,1.9524932,0.436537052,83.09051279,104.527,2,7.697426333,7.697426333,7.757204333,116.5976719,12.65,4.68,0.08,54739.6,113234.9,297303.2,221903.4,3531.959342,10448.6,100852.861,4596.457048,3.381816281,3.381816281
2020M07,1.9460917,0.932267564,83.44040381,104.913,1.75,7.695966129,7.695966129,7.781356774,116.5214792,12.46,4.6,0.1,55844.9,116359.4,303248.2,219777.5,6154.313988,10423.2,105591.8646,4394.10677,3.268662713,3.268662713
2020M08,2.0023108,2.185162449,83.77308707,105.229,1.75,7.705185806,7.705185806,7.788877333,116.478792,12.48,4.56,0.09,55442.2,117877.1,307864.5,219224.2,3934.278773,10389.3835,105849.2873,4391.86216,2.826127334,2.826127334
2020M09,2.1005034,2.865053431,83.90501319,105.39,1.75,7.757204333,7.757204333,7.80121871,115.7188663,12.48,4.51,0.09,57433.9,122245,314320.9,218967.4,4255.612651,10385.105,107911.3953,4241.491378,2.901434951,2.901434951
2020M10,2.0976782,3.246866801,84.79408053,105.47,1.75,7.781356774,7.781356774,7.79006871,116.5335853,12.33,4.46,0.09,57603.2,123763.4,318372.9,222718,7592.758069,10455.0528,108426.5,4378.369377,2.703734425,2.703734425
2020M11,2.159953,3.302977117,85.26442583,105.552,1.75,7.788877333,7.788877333,7.745361786,117.13838,12.32,4.42,0.09,58068.8,123479.8,320974.5,224088,4731.047011,10449.3699,108848.9,4338.282753,2.458331659,2.458331659
2020M12,2.2076488,2.616046546,85.25868992,105.899,1.75,7.80121871,7.80121871,7.720328387,116.8352245,12.33,4.35,0.09,64201.1,132969.1,330788.4,225715.1,5146.326188,10449.7691,107743.9,4426.055281,2.257345089,2.257345089
2021M01,2.2869587,2.951271188,85.39061604,106.267,1.75,7.79006871,7.79006871,7.716579333,116.6871353,12.34,4.32,0.09,61390.1,131380.9,331001.6,225839.4,6893.669097,10411.5206,107605.2157,3986.977995,2.224164548,2.224164548
2021M02,2.4667501,3.53083667,85.6602042,106.499,1.75,7.745361786,7.745361786,7.714919032,117.0902351,12.32,4.29,0.08,61037,130681.4,335299.6,227742.9,4730.914639,10365.8696,107261.9387,3720.855459,2.199227719,2.199227719
2021M03,2.6037812,3.237851914,85.94700011,106.945,1.75,7.720328387,7.720328387,7.738516,117.0341638,12.32,4.25,0.07,62819.4,131888.4,337736,229124.8,6255.246032,10327.1921,113394.2261,3721.94076,2.153174738,2.153174738
2021M04,2.6532054,2.550890546,86.03877481,107.594,1.75,7.716579333,7.716579333,7.745088387,116.2605342,12.28,4.22,0.07,61517.3,132162.6,340066.7,230800.4,7775.01294,10308.7498,115141.5602,3657.515373,1.951992121,1.951992121
2021M05,2.6883721,2.484886563,86.17643685,108.167,1.75,7.714919032,7.714919032,7.738385161,115.545268,12.25,4.19,0.06,61819,131545.7,342072.6,232867.5,5258.4173,10287.1864,115835.6149,3599.130563,1.972680952,1.972680952
2021M06,2.682197,1.225023765,86.33704256,108.655,1.75,7.738516,7.738516,7.731863667,114.3452323,12.24,4.15,0.08,62776.9,133392.6,345364.7,234727.4,5106.021295,10274.3288,119648.6406,3625.491657,1.946884049,1.946884049
2021M07,2.7175784,1.097641233,86.62383848,109.12,1.75,7.745088387,7.745088387,7.731476129,114.0789679,12.14,4.09,0.1,63985.1,135825.1,349147.9,238089.3,8910.686147,10249.6639,120486.0234,3870.117733,2.156358622,2.156358622
2021M08,2.8637052,0.751495074,86.80165194,109.458,1.75,7.738385161,7.738385161,7.731369333,114.1762346,12.14,4.07,0.09,63356.6,133258.7,348809.7,239528.4,5316.617167,10205.9556,120433.5509,3808.377202,2.311611485,2.311611485
2021M09,2.9210925,0.749949338,86.98520133,109.684,1.75,7.731863667,7.731863667,7.725414194,114.204127,12.16,4.04,0.08,64448.6,134646.7,352079.1,240513,5273.262771,10176.1634,118165.205,3841.57009,2.209105162,2.209105162
2021M10,3.107965,-0.151866779,87.30067684,110.217,1.75,7.731476129,7.731476129,7.702852903,113.6794901,12.13,4.03,0.08,65064.6,136319.5,353691,244291.2,9148.590371,11150.0232,118947.2336,3886.42438,2.334345608,2.334345608
2021M11,3.3780575,-0.492083736,87.72513479,110.778,1.75,7.731369333,7.731369333,7.698491429,113.6752925,12.02,4.02,0.08,65610.7,137556.5,355906.8,250295.8,5708.103842,11104.033,118892.7657,4031.355084,2.360787546,2.360787546
2021M12,3.6943555,-0.626540645,87.87426867,111.446,1.75,7.725414194,7.725414194,7.694115484,113.6073288,11.92,3.99,0.08,71955.1,148342.2,369207.1,254438.8,7642.512473,11097.1532,119005.7,4257.872903,2.517670829,2.517670829
2022M01,3.889835,-1.021560667,87.83985316,111.973,1.75,7.702852903,7.702852903,7.662973,112.9450518,11.92,3.95,0.08,69730,146131.3,372873.1,255296,7765.852513,11069.8528,118984.4945,4053.007873,2.461946634,2.461946634
2022M02,4.194236,-1.214458312,88.21268785,112.436,1.75,7.698491429,7.698491429,7.669855161,112.4614618,11.92,3.95,0.08,69952.2,146184.9,373633.5,258068.1,5227.655322,11028.7387,118992.4677,4134.677465,2.61073,2.61073
2022M03,4.910636,-0.739520143,89.53194907,112.88,1.75,7.694115484,7.694115484,7.735068333,112.7034575,11.95,3.91,0.2,71178.9,147591.9,377880.8,261788.8,7649.503283,10989.287,122353.6775,4233.485162,2.761722814,2.761722814
2022M04,5.525315,-0.905315,90.0137662,113.248,1.75,7.662973,7.662973,7.739475806,113.13898,11.93,3.9,0.33,71829.2,150170.3,381285,264127,9239.024216,10925.9188,122530.1066,4202.211688,2.50149,2.50149
2022M05,6.079912,-0.262553108,91.18962946,113.656,2,7.669855161,7.669855161,7.731304516,113.2653808,11.94,3.89,0.77,72150.1,147935,380521.1,267625.4,6200.62881,10942.7354,123204.3925,4365.721719,2.997048303,2.997048303
2022M06,6.9319367,0.621876747,92.85878169,114.297,2.25,7.735068333,7.735068333,7.800417,112.8165998,11.98,3.88,1.21,73304.4,149343.8,384078.7,272497.9,6204.378563,10225.5703,125350.1045,4680.325737,3.027955122,3.027955122
2022M07,7.50345,0.853059072,93.8625674,114.534,2.25,7.739475806,7.739475806,7.865183548,113.984611,11.98,3.87,1.68,73290.2,151361,389495.4,274616.8,10341.30718,10728.3441,125297.0551,4744.013529,3.439901126,3.439901126
2022M08,8.033395,0.841249816,94.50499025,115.158,2.75,7.731304516,7.731304516,7.813936,114.9269104,12.02,3.88,2.33,72987.7,148976.1,388904.6,276921.6,6266.741918,11181.5017,127427.3853,4862.434379,2.586333873,2.586333873
2022M09,8.473921,0.560038776,94.84340943,115.686,3,7.800417,7.800417,7.868113548,114.0710962,11.94,3.88,2.56,73669.7,152879.4,393761.9,283221.8,6220.753838,11152.7687,127600.3989,5008.363922,2.663614453,2.663614453
2022M10,8.929169,0.775167399,95.7726282,116.087,3,7.865183548,7.865183548,7.848967742,113.7787176,11.84,3.9,3.08,74848.8,153910.6,397783.1,291267.1,10083.28061,11093.9434,127603.367,5135.136278,2.87436565,2.87436565
2022M11,8.897853,0.269140592,95.76689228,116.417,3.75,7.813936,7.813936,7.831650357,114.6337469,11.83,3.93,3.78,74860.8,153417.2,396478,290471.7,6443.548673,11089.0589,127636.9604,4866.073006,2.282227066,2.282227066
2022M12,8.882034,0.354258428,95.99059309,116.868,3.75,7.868113548,7.868113548,7.804977097,114.4618583,11.83,3.95,4.1,80836.2,166095,410256.7,294739.3,6936.367479,11092.1896,127667.4613,4990.743581,2.216101943,2.216101943
2023M01,8.817196,0.8732833,96.35195595,117.461,4.25,7.848967742,7.848967742,7.799317333,114.2593823,11.89,3.99,4.33,78162.1,163028.6,411854.8,296380.1,8872.979081,11107.7768,127368.305,4920.59304,2.222955172,2.222955172
2023M02,8.7955475,1.127074257,96.96569921,117.883,4.5,7.831650357,7.831650357,7.809260645,114.6017713,11.94,4.02,4.57,79062.2,161387.2,411019.6,298892.6,5745.598317,11064.7967,126277.9283,4710.357816,2.106527128,2.106527128
2023M03,8.208311,0.504611032,97.33279798,118.279,4.5,7.804977097,7.804977097,7.838318,115.047828,11.93,4.07,4.649032258,80408.5,166692.5,416889.6,302143.1,8362.797021,11047.8882,126213.6639,4806.152121,2.244829135,2.244829135
2023M04,7.8389406,0.476868997,97.49913961,118.642,4.75,7.799317333,7.799317333,7.849883226,114.7475656,11.93,4.09,4.83,81166.5,168063.1,420736.8,304848.9,9840.609663,11009.2532,125322.7793,4669.106825,2.270923034,2.270923034
2023M05,7.339263,-0.80384974,97.14924859,118.984,5,7.809260645,7.809260645,7.859662258,113.9033855,11.98,4.13,5.055806452,80655,165965.4,419195.5,307161.4,6859.123419,10983.9345,125662.5035,4629.894635,2.29699345,2.29699345
2023M06,6.6983223,-1.769049337,97.43604451,119.189,5,7.838318,7.838318,7.867457333,113.4497868,11.98,4.17,5.076333333,83333.7,170913.2,426388.9,311769.6,6571.695179,11974.6408,125733.3449,4473.922287,2.292609202,2.292609202
2023M07,6.3599825,-1.825638819,98.11861879,119.332,5,7.849883226,7.849883226,7.842715161,113.8591147,11.98,4.18,5.12,83768.9,171875.1,430006,313763.2,11116.43322,11977.5288,125740.254,4507.001868,2.22539028,2.22539028
2023M08,5.993414,-1.5202409,98.73236205,119.449,5,7.859662258,7.859662258,7.827379,113.931197,11.96,4.24,5.33,83819.3,169266.7,428215,318471.7,6696.646407,11957.0557,125496.0883,4710.216054,2.058445068,2.058445068
2023M09,5.682218,-0.995190483,99.28874613,119.842,5,7.867457333,7.867457333,7.824161613,114.1758978,11.95,4.32,5.33,83818.5,170219.2,429943.6,322600.1,6407.631498,11933.9679,125180.225,4719.341691,2.16366279,2.16366279
2023M10,5.488169,-0.505237935,100.5449122,120.027,5,7.842715161,7.842715161,7.818480323,116.0296209,12,4.38,5.33,86027.4,170465.2,428026.5,326289.1,11190.52505,12446.3155,125164.7354,4665.355922,2.365523598,2.365523598
2023M11,5.189562,-0.889130759,99.88528163,120.134,5,7.827379,7.827379,7.810868966,115.7275106,11.91,4.44,5.33,86663.3,171614.7,429143,333471.9,6805.702551,12441.3869,125162.7094,4810.043761,2.427006619,2.427006619
2023M12,4.8665285,-0.689653687,100,120.308,5,7.824161613,7.824161613,,116.023354,12.09,4.5,5.33,92424.3,182167.5,438293.7,338631.9,7058.547521,12446.9093,125162.1851,5241.01419,2.282319812,2.282319812
2024M01,4.5158863,-0.698585431,100.03,120.808,5,7.818480323,7.818480323,,115.5132167,12.18,4.59,5.33,89045.4,178016.3,435194.8,341917.2,9501.867346,12394.326,125153.7162,,2.226678688,2.226678688
2024M02,4.1535735,-0.8535735,100.17,121.1938581,5,7.810868966,7.810868966,,,12.24,4.67,5.33,88330.3,178058.9,437947.7,348013.2,,,,,2.035330862,2.035330862
2024M03,3.957337085,,,121.5526517,5,,,,,,,5.257,,,,,,,,,,
2024M04,,,,121.8772219,,,,,,,,5.184,,,,,,,,,,
2024M05,,,,122.1799313,,,,,,,,5.111,,,,,,,,,,
2024M06,,,,122.3417374,,,,,,,,5.038,,,,,,,,,,
2024M07,,,,122.4397613,,,,,,,,4.965,,,,,,,,,,
2024M08,,,,122.5110019,,,,,,,,4.892,,,,,,,,,,
2024M09,,,,122.8651092,,,,,,,,4.819,,,,,,,,,,
2024M10,,,,123.0057333,,,,,,,,4.746,,,,,,,,,,
2024M11,,,,123.0663024,,,,,,,,4.673,,,,,,,,,,
2024M12,,,,123.195392,,,,,,,,4.6,,,,,,,,,,
2025M01,,,,123.6872573,,,,,,,,4.516666667,,,,,,,,,,
2025M02,,,,124.0621127,,,,,,,,4.433333333,,,,,,,,,,
2025M03,,,,124.409139,,,,,,,,4.35,,,,,,,,,,
2025M04,,,,124.7210237,,,,,,,,4.266666667,,,,,,,,,,
2025M05,,,,125.0104331,,,,,,,,4.183333333,,,,,,,,,,
2025M06,,,,125.1555974,,,,,,,,4.1,,,,,,,,,,
2025M07,,,,125.2354692,,,,,,,,4.016666667,,,,,,,,,,
2025M08,,,,125.2879179,,,,,,,,3.933333333,,,,,,,,,,
2025M09,,,,125.6295741,,,,,,,,3.85,,,,,,,,,,
2025M10,,,,125.7528613,,,,,,,,3.766666667,,,,,,,,,,
2025M11,,,,125.7942721,,,,,,,,3.683333333,,,,,,,,,,
2025M12,,,,125.9056906,,,,,,,,3.6,,,,,,,,,,
2026M01,,,,126.3877625,,,,,,,,3.541666667,,,,,,,,,,
2026M02,,,,126.7501252,,,,,,,,3.483333333,,,,,,,,,,
2026M03,,,,127.0839355,,,,,,,,3.425,,,,,,,,,,
2026M04,,,,127.3817389,,,,,,,,3.366666667,,,,,,,,,,
2026M05,,,,127.6564872,,,,,,,,3.308333333,,,,,,,,,,
2026M06,,,,127.7838649,,,,,,,,3.25,,,,,,,,,,
2026M07,,,,127.8445415,,,,,,,,3.191666667,,,,,,,,,,
2026M08,,,,127.8772016,,,,,,,,3.133333333,,,,,,,,,,
2026M09,,,,128.2049804,,,,,,,,3.075,,,,,,,,,,
2026M10,,,,128.3098362,,,,,,,,3.016666667,,,,,,,,,,
2026M11,,,,128.3311232,,,,,,,,2.958333333,,,,,,,,,,
2026M12,,,,128.4238044,,,,,,,,2.9,,,,,,,,,,
